route_id,district,vehicle_type,daily_passengers,fuel_consumption_liters,distance_km,revenue_rupees,breakdown_incidents,operating_hours,driver_count,maintenance_cost
Route-2,Khammam,Truck,1909,107,42,33596,3,9,3,10930
Route-5,Warangal,Truck,205,45,28,38750,2,8,1,3004
Route-8,Hyderabad,Bus,1881,20,74,30439,4,12,2,10235
Route-7,Karimnagar,Auto,1495,61,103,20000,5,12,3,4655
Route-15,Warangal,Motorcycle,1046,168,80,28365,4,13,1,2131
Route-9,Warangal,Auto,286,133,113,42555,0,13,2,6692
Route-7,Karimnagar,Auto,1850,138,106,26332,1,15,3,8368
Route-17,Karimnagar,Car,198,196,36,30647,2,8,3,4654
Route-8,Warangal,Car,874,42,49,41289,3,15,2,4322
Route-2,Nizamabad,Motorcycle,582,94,41,37668,1,12,2,5237
Route-14,Warangal,Truck,459,191,26,21336,5,9,1,8596
Route-7,Karimnagar,Truck,1954,105,68,12431,3,13,2,703
Route-1,Nizamabad,Motorcycle,1974,46,45,26592,3,15,1,8868
Route-9,Khammam,Motorcycle,1986,117,136,23661,1,9,1,8916
Route-17,Warangal,Bus,1886,189,53,25264,4,13,3,9364
Route-8,Khammam,Auto,891,70,102,5692,0,9,3,5776
Route-1,Warangal,Bus,1249,180,54,26267,4,13,1,11924
Route-19,Warangal,Truck,391,71,79,9464,3,14,1,6116
Route-5,Karimnagar,Bus,1129,86,120,8011,2,11,3,11589
Route-6,Karimnagar,Taxi,1833,50,80,46834,0,16,3,8942
Route-4,Karimnagar,Auto,554,129,65,36932,3,16,3,11791
Route-4,Warangal,Taxi,383,169,22,32951,4,10,2,2874
Route-17,Khammam,Bus,1929,24,16,40436,1,12,3,12498
Route-3,Warangal,Motorcycle,1323,145,75,4395,5,15,2,5799
Route-19,Hyderabad,Truck,51,100,112,19638,2,15,1,13284
Route-6,Karimnagar,Auto,114,138,36,28661,1,14,2,14144
Route-14,Khammam,Motorcycle,1890,96,62,5073,0,15,2,9909
Route-19,Khammam,Auto,552,92,142,35031,2,14,1,9728
Route-11,Khammam,Taxi,747,116,113,30829,3,13,1,3284
Route-19,Nizamabad,Bus,933,33,108,36740,2,15,1,3712
Route-14,Warangal,Motorcycle,1101,115,26,43708,1,14,2,8108
Route-1,Warangal,Car,194,148,116,36080,3,14,2,982
Route-11,Nizamabad,Motorcycle,1182,132,13,17375,0,16,3,7160
Route-12,Nizamabad,Bus,802,172,74,48250,1,10,1,2096
Route-8,Warangal,Car,1918,142,103,49548,3,9,1,8647
Route-6,Hyderabad,Auto,1916,33,17,45716,5,11,1,14698
Route-17,Nizamabad,Auto,1081,69,125,5100,0,14,3,2785
Route-13,Hyderabad,Motorcycle,132,65,131,37749,3,13,1,9825
Route-4,Hyderabad,Motorcycle,1662,47,38,32741,2,9,1,12247
Route-16,Karimnagar,Truck,1036,65,75,17561,1,9,3,4459
Route-17,Nizamabad,Bus,1551,47,112,17534,1,9,3,8288
Route-4,Khammam,Truck,1406,35,28,4987,2,12,2,12355
Route-20,Karimnagar,Truck,1460,28,119,4567,3,9,1,13159
Route-19,Warangal,Car,332,87,51,27268,1,11,3,7587
Route-8,Nizamabad,Motorcycle,138,180,15,39219,1,15,1,4466
Route-17,Warangal,Bus,1214,74,52,23277,4,8,2,11190
Route-4,Nizamabad,Motorcycle,1190,35,134,24401,2,13,2,9169
Route-10,Hyderabad,Car,881,187,99,2429,4,15,1,1957
Route-9,Hyderabad,Truck,1647,154,118,16286,2,9,1,7863
Route-10,Warangal,Truck,1280,87,141,27246,2,10,2,12023
Route-18,Karimnagar,Truck,717,66,99,25237,0,11,2,7379
Route-2,Warangal,Taxi,1653,83,131,11949,1,9,3,10242
Route-8,Warangal,Auto,478,89,128,10461,1,14,3,12677
Route-6,Hyderabad,Car,80,88,38,4097,1,11,1,9821
Route-11,Karimnagar,Bus,767,79,59,38819,4,12,1,8244
Route-3,Khammam,Bus,131,142,41,30646,5,10,3,11844
Route-14,Khammam,Auto,1434,146,120,37166,3,9,2,9421
Route-1,Nizamabad,Bus,1661,153,26,28631,5,8,2,11780
Route-8,Khammam,Motorcycle,1687,37,94,42978,2,12,1,2847
Route-5,Karimnagar,Bus,1689,89,142,47245,2,15,1,9704
Route-20,Khammam,Motorcycle,1768,121,110,38471,1,9,3,3779
Route-7,Khammam,Motorcycle,1306,99,122,29224,5,14,1,12647
Route-15,Hyderabad,Car,1325,95,41,18585,3,16,2,14649
Route-8,Khammam,Auto,869,132,142,35583,5,15,3,8302
Route-8,Warangal,Motorcycle,751,99,71,26017,2,10,2,13258
Route-19,Khammam,Motorcycle,1929,189,34,31276,5,16,1,12933
Route-20,Hyderabad,Auto,1135,92,64,43207,1,13,3,5164
Route-19,Hyderabad,Bus,695,153,46,37461,0,8,3,4651
Route-20,Khammam,Bus,197,20,39,18951,2,16,2,8520
Route-3,Karimnagar,Bus,265,61,108,33775,2,14,1,7012
Route-15,Warangal,Motorcycle,1351,172,71,23423,4,13,2,12220
Route-12,Nizamabad,Motorcycle,235,141,79,20573,5,9,1,6675
Route-17,Nizamabad,Motorcycle,893,156,53,28400,1,13,1,7118
Route-10,Karimnagar,Car,739,137,40,8363,4,11,2,1289
Route-6,Karimnagar,Bus,1038,177,57,32764,3,10,1,4531
Route-16,Karimnagar,Car,501,49,133,4912,2,14,3,14124
Route-5,Khammam,Motorcycle,1435,156,142,41159,5,10,1,7104
Route-12,Nizamabad,Car,1343,59,38,47521,3,16,1,864
Route-2,Hyderabad,Car,1922,101,59,48452,5,16,1,8348
Route-3,Nizamabad,Auto,1161,44,33,32563,4,15,3,7783
Route-7,Khammam,Car,1955,151,21,25606,2,15,2,7758
Route-7,Hyderabad,Car,649,63,22,11086,2,10,1,4037
Route-19,Warangal,Motorcycle,1568,113,52,43162,1,8,3,10716
Route-18,Karimnagar,Taxi,452,83,41,5189,2,11,3,7036
Route-6,Karimnagar,Motorcycle,1411,167,28,24594,0,15,3,3463
Route-3,Warangal,Auto,1063,116,124,15244,5,13,1,5940
Route-18,Khammam,Taxi,767,192,93,41022,1,8,3,12687
Route-6,Karimnagar,Motorcycle,1156,63,83,42197,3,15,2,13218
Route-14,Karimnagar,Taxi,1861,135,51,33349,1,12,1,9315
Route-18,Khammam,Auto,1292,160,93,46075,2,13,3,14366
Route-9,Warangal,Auto,998,27,137,3222,5,10,3,8190
Route-8,Khammam,Taxi,1878,109,32,13803,4,12,2,10884
Route-3,Nizamabad,Bus,978,40,149,43598,4,16,1,13194
Route-2,Nizamabad,Motorcycle,1458,111,72,28342,4,13,2,8027
Route-16,Warangal,Bus,75,199,10,38947,4,10,2,10248
Route-10,Hyderabad,Motorcycle,1448,41,72,22349,0,10,2,9297
Route-4,Nizamabad,Taxi,580,57,73,1474,5,16,1,4288
Route-3,Hyderabad,Bus,996,192,10,15203,4,13,2,9791
Route-6,Nizamabad,Truck,683,59,20,37926,2,15,1,1591
Route-3,Warangal,Truck,1203,127,109,18664,4,10,2,4250
Route-14,Khammam,Taxi,935,55,80,29550,4,10,1,12994
Route-19,Karimnagar,Auto,1534,104,27,39666,0,11,2,10465
Route-12,Nizamabad,Auto,1760,65,149,30279,3,14,2,7616
Route-20,Khammam,Car,169,180,127,15153,1,15,3,1405
Route-6,Nizamabad,Truck,283,63,81,9939,1,8,2,7142
Route-12,Nizamabad,Car,887,173,109,25095,3,13,2,11823
Route-4,Nizamabad,Car,1397,96,15,29936,5,12,2,3436
Route-6,Karimnagar,Auto,1941,171,147,35487,3,14,2,10078
Route-4,Nizamabad,Auto,226,151,139,7693,4,14,1,894
Route-20,Nizamabad,Bus,1353,134,54,25981,5,11,3,5292
Route-9,Karimnagar,Bus,1191,106,115,13538,0,16,3,7814
Route-10,Hyderabad,Motorcycle,1050,91,113,32044,3,10,1,10196
Route-9,Warangal,Car,1407,141,82,6327,1,10,3,12798
Route-7,Hyderabad,Taxi,273,189,45,14484,2,16,2,8363
Route-14,Hyderabad,Truck,1149,74,43,36063,5,9,2,12690
Route-6,Karimnagar,Car,507,198,125,39587,1,12,1,14158
Route-9,Nizamabad,Truck,760,98,70,42893,0,10,3,11030
Route-19,Karimnagar,Bus,209,41,80,26531,3,12,3,7786
Route-16,Hyderabad,Taxi,138,40,87,34506,5,15,1,7151
Route-15,Hyderabad,Bus,338,93,97,48311,5,10,2,7399
Route-18,Khammam,Truck,902,69,134,21597,0,11,2,9076
Route-20,Khammam,Truck,60,90,36,16035,4,13,3,5864
Route-15,Hyderabad,Truck,770,185,65,43950,5,14,2,2212
Route-1,Warangal,Truck,1772,125,16,25150,0,15,1,8561
Route-8,Khammam,Truck,628,112,57,40451,2,14,2,13540
Route-17,Karimnagar,Taxi,787,188,78,42995,1,9,3,5515
Route-10,Nizamabad,Car,1927,174,99,41414,0,13,1,14714
Route-7,Karimnagar,Auto,809,78,36,23437,4,8,3,3546
Route-10,Warangal,Taxi,359,30,124,24222,5,12,2,12772
Route-8,Warangal,Taxi,681,84,134,42875,1,14,3,9922
Route-5,Warangal,Auto,394,165,80,35385,2,11,3,1407
Route-8,Hyderabad,Bus,1441,23,47,23308,5,14,2,6589
Route-2,Karimnagar,Motorcycle,357,73,106,27227,3,12,1,7540
Route-8,Hyderabad,Motorcycle,1182,151,81,17531,1,9,1,5721
Route-4,Khammam,Truck,1787,75,139,27403,0,12,1,6060
Route-12,Khammam,Auto,1406,39,70,30736,5,15,3,11322
Route-5,Khammam,Auto,563,129,122,47013,1,9,2,2136
Route-6,Nizamabad,Bus,1116,86,75,16041,1,15,1,12638
Route-1,Hyderabad,Motorcycle,1351,47,128,46529,4,15,2,14697
Route-11,Khammam,Taxi,1158,87,72,7310,5,8,2,6930
Route-13,Karimnagar,Taxi,1567,121,99,18069,2,8,1,2899
Route-15,Warangal,Truck,1623,119,130,6478,1,10,1,12747
Route-19,Hyderabad,Taxi,443,191,137,19071,4,16,2,1364
Route-16,Warangal,Car,1818,137,14,37909,2,10,1,2579
Route-2,Khammam,Car,1083,156,87,19942,4,9,1,9364
Route-14,Nizamabad,Motorcycle,1201,133,61,34189,5,15,2,9532
Route-17,Nizamabad,Motorcycle,504,37,142,9224,3,10,2,1299
Route-5,Warangal,Taxi,1184,36,17,18984,5,13,1,7123
Route-11,Hyderabad,Car,1088,65,120,15684,1,11,2,14950
Route-15,Khammam,Bus,686,131,65,37483,3,16,2,4924
Route-11,Nizamabad,Truck,1687,124,99,20026,0,12,2,13459
Route-10,Hyderabad,Car,1438,195,111,13314,5,10,2,14544
Route-18,Khammam,Bus,500,51,116,24033,2,8,2,3013
Route-17,Warangal,Bus,175,104,45,39882,1,11,3,10734
Route-7,Karimnagar,Taxi,1242,30,119,7008,1,9,2,12181
Route-14,Nizamabad,Truck,744,164,103,13479,0,12,1,2765
Route-13,Nizamabad,Truck,1108,35,35,47376,2,8,1,1970
Route-8,Hyderabad,Taxi,1279,82,141,48363,0,8,2,1575
Route-14,Nizamabad,Car,404,22,29,33655,3,14,3,5216
Route-11,Nizamabad,Taxi,850,128,139,38693,0,11,2,7797
Route-16,Nizamabad,Truck,1981,55,34,22077,0,15,3,8556
Route-10,Nizamabad,Bus,1341,83,139,46475,0,14,1,5711
Route-13,Nizamabad,Bus,1369,81,44,20495,0,15,2,13093
Route-12,Warangal,Truck,926,199,113,39506,2,8,1,1304
Route-11,Khammam,Motorcycle,1594,186,132,20472,0,9,3,770
Route-12,Nizamabad,Car,1598,71,142,14733,0,16,3,14664
Route-7,Karimnagar,Taxi,1967,77,144,40835,1,9,3,14196
Route-11,Khammam,Car,1261,99,75,3401,1,13,2,1736
Route-9,Hyderabad,Truck,471,138,111,9289,2,14,3,9059
Route-8,Nizamabad,Bus,1876,48,94,11068,2,15,1,4540
Route-6,Hyderabad,Truck,258,168,61,38734,2,8,1,12062
Route-14,Nizamabad,Bus,1893,50,27,4482,5,10,1,2405
Route-11,Nizamabad,Truck,1241,74,134,43545,0,11,3,6507
Route-1,Nizamabad,Motorcycle,1939,124,116,19187,0,11,1,3818
Route-5,Hyderabad,Motorcycle,744,36,100,42021,1,13,2,10001
Route-17,Nizamabad,Taxi,1485,171,35,49885,3,11,1,1477
Route-10,Nizamabad,Taxi,717,133,50,24429,1,9,3,871
Route-14,Khammam,Motorcycle,169,81,67,42110,5,12,3,1278
Route-12,Khammam,Taxi,1026,45,64,23938,1,13,1,5985
Route-8,Warangal,Taxi,976,182,115,14452,5,16,2,12229
Route-15,Hyderabad,Taxi,745,134,21,8008,0,10,1,3372
Route-19,Nizamabad,Car,1580,181,86,16300,3,12,1,6258
Route-11,Warangal,Motorcycle,1801,41,127,38152,2,16,1,8916
Route-9,Karimnagar,Car,1324,160,124,25332,0,14,3,8035
Route-17,Khammam,Truck,220,132,128,32791,0,14,3,10954
Route-5,Warangal,Motorcycle,1152,134,29,38245,1,16,1,8958
Route-13,Karimnagar,Taxi,375,106,44,37081,3,8,3,1882
Route-5,Warangal,Motorcycle,505,49,50,21735,4,13,3,14119
Route-12,Hyderabad,Motorcycle,1456,126,140,44752,3,10,3,7200
Route-7,Warangal,Truck,1425,96,23,11773,3,8,3,11427
Route-16,Nizamabad,Taxi,937,43,17,2287,5,11,3,7680
Route-19,Hyderabad,Auto,1914,139,55,44032,2,10,1,8415
Route-10,Khammam,Taxi,1162,60,104,13162,3,8,3,10330
Route-11,Khammam,Car,871,127,72,38136,1,15,1,14377
Route-10,Hyderabad,Auto,1595,147,50,9845,3,13,2,3099
Route-11,Hyderabad,Taxi,1150,156,35,16588,5,13,2,9916
Route-18,Khammam,Auto,52,100,141,24598,3,9,3,3575
Route-11,Nizamabad,Auto,87,73,149,14386,0,14,3,1210
Route-7,Hyderabad,Taxi,1018,76,75,27849,2,13,3,4673
Route-6,Hyderabad,Auto,69,101,138,35678,4,15,2,9406
Route-10,Khammam,Bus,1068,119,140,18389,0,9,1,12514
Route-13,Hyderabad,Motorcycle,729,44,117,24345,4,11,3,6858
Route-2,Nizamabad,Car,170,99,110,22663,3,12,1,5572
Route-4,Warangal,Motorcycle,910,54,20,7739,5,9,2,8994
Route-6,Karimnagar,Auto,544,190,83,47783,2,10,3,14652
Route-8,Hyderabad,Truck,296,181,85,23049,1,13,1,5924
Route-15,Hyderabad,Truck,779,27,141,27189,3,13,3,756
Route-9,Khammam,Motorcycle,310,143,93,28472,2,11,2,5318
Route-11,Khammam,Car,795,190,119,27988,0,16,1,2037
Route-13,Hyderabad,Motorcycle,1374,120,104,44388,0,9,1,12827
Route-4,Karimnagar,Truck,1622,137,73,25277,1,12,1,6942
Route-5,Karimnagar,Car,1601,72,69,20882,1,9,2,9240
Route-12,Nizamabad,Truck,78,162,126,35386,1,11,2,5977
Route-10,Warangal,Car,1313,22,51,34952,1,12,1,8379
Route-14,Karimnagar,Taxi,1908,87,58,1357,1,12,2,3396
Route-4,Warangal,Car,790,43,49,7366,5,14,2,520
Route-15,Warangal,Auto,79,82,126,10941,4,16,2,12332
Route-8,Nizamabad,Car,1865,25,55,1181,0,13,2,6857
Route-16,Nizamabad,Motorcycle,1811,114,134,32633,3,9,1,1296
Route-11,Nizamabad,Truck,1110,94,45,24982,4,13,3,6243
Route-9,Khammam,Motorcycle,480,30,116,8122,5,8,1,7734
Route-3,Nizamabad,Auto,1384,198,125,37808,0,16,1,14081
Route-17,Nizamabad,Motorcycle,1514,47,54,21807,0,16,1,11405
Route-16,Hyderabad,Motorcycle,1037,77,50,4606,4,9,2,13017
Route-7,Warangal,Auto,234,78,88,25261,2,10,3,3052
Route-6,Nizamabad,Bus,1558,35,42,35786,0,13,2,10550
Route-15,Nizamabad,Truck,297,40,30,16027,3,15,3,3383
Route-8,Nizamabad,Bus,823,200,147,43430,2,9,1,3928
Route-16,Khammam,Truck,1088,68,22,13534,0,15,2,13265
Route-13,Hyderabad,Truck,1258,125,137,29626,1,12,1,4200
Route-15,Nizamabad,Taxi,1743,96,43,30614,1,9,3,9181
Route-3,Warangal,Auto,486,74,90,15304,0,14,2,1214
Route-9,Hyderabad,Taxi,1974,164,111,26271,5,8,1,13977
Route-16,Karimnagar,Auto,624,50,91,28900,2,10,3,1788
Route-4,Hyderabad,Motorcycle,1953,36,75,37971,0,16,2,2244
Route-13,Karimnagar,Bus,524,157,88,2242,2,9,3,3720
Route-9,Hyderabad,Bus,1975,189,46,46531,0,12,2,3990
Route-14,Warangal,Taxi,932,197,24,38216,0,10,2,749
Route-19,Khammam,Auto,920,78,68,46360,2,12,3,9839
Route-5,Hyderabad,Truck,255,60,37,17187,4,9,3,8770
Route-1,Karimnagar,Motorcycle,1541,167,85,24929,1,11,2,12710
Route-8,Warangal,Truck,1652,151,87,12583,1,14,1,14179
Route-11,Hyderabad,Auto,607,63,112,35846,4,16,2,2177
Route-16,Warangal,Car,1106,154,122,31275,5,8,3,7042
Route-7,Warangal,Motorcycle,1884,103,12,46660,0,11,1,3824
Route-17,Khammam,Taxi,1926,29,82,25189,3,8,3,12662
Route-3,Warangal,Auto,972,117,108,47376,1,16,3,4879
Route-18,Hyderabad,Taxi,913,73,133,47112,5,9,1,6570
Route-14,Khammam,Motorcycle,1051,156,53,18221,1,12,3,14074
Route-19,Hyderabad,Taxi,1603,120,40,10635,1,11,1,7258
Route-6,Khammam,Motorcycle,332,148,136,30919,4,9,1,1308
Route-2,Karimnagar,Bus,1166,184,80,9051,5,13,1,13771
Route-4,Karimnagar,Taxi,1099,198,126,36848,3,13,1,4638
Route-15,Khammam,Car,1747,176,133,1278,5,16,3,6561
Route-15,Warangal,Motorcycle,626,193,145,10412,3,10,3,14094
Route-11,Hyderabad,Bus,1588,171,12,9858,0,10,1,7252
Route-3,Nizamabad,Car,1269,142,88,9642,2,15,2,2233
Route-1,Khammam,Truck,695,140,141,5015,0,13,1,14517
Route-16,Nizamabad,Bus,1890,143,127,42064,2,15,1,8684
Route-20,Warangal,Taxi,953,150,136,23905,2,13,1,14891
Route-15,Karimnagar,Truck,1135,200,142,27350,2,9,3,14644
Route-4,Khammam,Auto,1429,102,31,32312,2,15,3,4560
Route-9,Warangal,Car,1239,128,15,3729,4,9,2,6087
Route-12,Karimnagar,Auto,640,188,41,48957,1,12,2,14671
Route-16,Khammam,Truck,713,82,27,12074,1,11,3,7064
Route-18,Nizamabad,Bus,1226,82,91,11523,2,16,1,2614
Route-19,Karimnagar,Auto,86,168,38,17025,2,15,3,10256
Route-20,Hyderabad,Taxi,772,178,130,15746,3,12,3,716
Route-9,Warangal,Truck,1439,142,72,9449,2,11,1,14705
Route-10,Nizamabad,Motorcycle,1176,88,27,28722,5,11,3,14830
Route-20,Khammam,Car,276,187,31,3971,2,14,1,12636
Route-7,Karimnagar,Auto,585,21,89,5307,4,11,1,2154
Route-16,Hyderabad,Car,301,50,30,21839,1,13,2,11765
Route-1,Hyderabad,Truck,773,93,47,25635,1,12,1,10496
Route-1,Karimnagar,Taxi,499,92,92,18014,4,16,2,1344
Route-4,Karimnagar,Car,411,84,36,30995,4,12,3,14579
Route-12,Hyderabad,Bus,146,170,32,48756,2,13,3,6475
Route-18,Nizamabad,Truck,517,183,15,45493,4,12,2,12850
Route-8,Karimnagar,Taxi,608,188,60,40936,5,12,1,12058
Route-20,Khammam,Car,866,173,103,30955,4,10,2,2964
Route-13,Warangal,Truck,1295,160,25,7728,1,10,3,942
Route-5,Karimnagar,Taxi,442,121,50,22329,4,8,3,9164
Route-7,Nizamabad,Taxi,1051,57,19,8278,2,9,2,2067
Route-15,Khammam,Car,230,168,114,40711,0,15,2,11755
Route-8,Karimnagar,Bus,1173,137,39,33790,5,10,1,968
Route-1,Nizamabad,Auto,1862,88,36,9983,4,13,2,14751
Route-18,Nizamabad,Taxi,1491,85,113,26175,5,15,1,10303
Route-3,Warangal,Taxi,569,193,118,5421,5,10,3,12471
Route-7,Warangal,Taxi,1181,61,28,4772,5,13,1,13782
Route-8,Hyderabad,Taxi,1855,34,79,5726,2,9,1,14070
Route-4,Warangal,Taxi,1471,103,34,45554,0,10,1,6976
Route-2,Hyderabad,Truck,1402,20,72,12546,5,16,2,14174
Route-12,Warangal,Truck,1231,139,131,27874,3,16,2,7053
Route-14,Nizamabad,Auto,494,164,137,18241,2,12,2,12338
Route-16,Khammam,Bus,296,139,121,38393,4,14,1,4014
Route-10,Hyderabad,Car,64,107,147,4278,4,9,2,8047
Route-20,Khammam,Auto,135,172,93,5465,2,9,1,1000
Route-15,Nizamabad,Taxi,1061,107,136,15366,1,9,2,11467
Route-17,Karimnagar,Taxi,1138,200,133,49727,5,9,1,9256
Route-3,Khammam,Truck,934,75,49,37253,0,9,3,8564
Route-16,Khammam,Taxi,960,104,108,37422,0,9,1,14090
Route-20,Khammam,Truck,966,127,143,49247,0,8,1,12488
Route-13,Khammam,Auto,1453,170,150,25135,3,11,1,6466
Route-5,Hyderabad,Truck,1398,125,44,20642,3,14,1,13050
Route-9,Khammam,Truck,552,91,110,3672,5,11,3,9699
Route-6,Warangal,Auto,407,81,111,14476,1,13,2,10977
Route-15,Nizamabad,Auto,988,81,95,30369,5,9,3,5486
Route-1,Hyderabad,Car,1874,164,67,13265,4,15,3,11844
Route-2,Warangal,Car,873,161,84,10577,1,10,3,13005
Route-17,Hyderabad,Motorcycle,52,39,55,3529,2,13,2,10797
Route-19,Nizamabad,Auto,1501,114,59,6522,5,11,3,5057
Route-14,Warangal,Motorcycle,1121,26,56,36658,2,9,1,6290
Route-16,Nizamabad,Car,934,158,18,48125,1,13,2,1004
Route-18,Khammam,Taxi,1270,85,22,32160,5,12,1,2259
Route-2,Khammam,Motorcycle,1984,36,42,45929,1,11,2,4724
Route-4,Warangal,Motorcycle,95,200,66,13708,5,13,2,10401
Route-11,Karimnagar,Motorcycle,1276,24,96,22898,2,11,2,14286
Route-10,Warangal,Motorcycle,771,152,121,7357,1,9,3,1109
Route-6,Khammam,Bus,896,83,98,7208,0,12,2,14718
Route-20,Karimnagar,Truck,763,54,35,34661,3,11,3,506
Route-12,Nizamabad,Car,1862,54,81,13749,1,14,2,3137
Route-3,Hyderabad,Bus,1647,143,122,44434,2,13,2,6109
Route-7,Warangal,Taxi,681,105,77,10503,1,8,1,11482
Route-16,Karimnagar,Car,176,191,42,27270,3,8,2,10078
Route-4,Karimnagar,Motorcycle,505,188,58,3267,2,12,2,890
Route-15,Hyderabad,Auto,1239,126,54,46807,5,15,3,9264
Route-2,Nizamabad,Truck,349,55,40,24398,5,14,3,14663
Route-10,Nizamabad,Taxi,889,112,10,31266,0,16,2,583
Route-18,Warangal,Truck,1230,150,36,48359,2,9,3,14950
Route-6,Warangal,Bus,1269,200,10,37455,3,15,1,5784
Route-15,Karimnagar,Truck,594,192,23,34561,3,14,2,11816
Route-16,Karimnagar,Auto,1316,133,55,29872,0,16,1,12942
Route-20,Nizamabad,Auto,717,68,138,23165,2,13,1,5062
Route-9,Khammam,Auto,199,174,128,11370,1,9,3,3188
Route-5,Nizamabad,Motorcycle,1338,173,32,10195,4,15,2,3561
Route-11,Nizamabad,Motorcycle,1920,157,66,19006,2,11,2,3654
Route-19,Nizamabad,Car,275,145,85,45394,2,12,3,2746
Route-6,Karimnagar,Taxi,1010,146,43,22976,2,15,3,4632
Route-4,Karimnagar,Auto,1174,82,37,23294,2,14,3,2063
Route-7,Nizamabad,Truck,1307,21,132,13914,2,12,2,8500
Route-13,Khammam,Motorcycle,1723,189,128,44320,5,11,2,9476
Route-10,Hyderabad,Motorcycle,390,56,80,22494,4,11,2,6133
Route-14,Warangal,Truck,944,154,67,14221,2,14,1,4853
Route-13,Hyderabad,Taxi,540,120,96,3859,4,15,3,12314
Route-6,Hyderabad,Truck,67,166,41,36049,4,15,2,11137
Route-19,Warangal,Truck,91,56,51,48595,4,16,3,9926
Route-14,Khammam,Motorcycle,1254,154,47,32886,1,12,2,4252
Route-17,Khammam,Motorcycle,1972,129,11,6394,2,9,3,11647
Route-15,Hyderabad,Auto,1301,51,42,35272,5,14,3,9662
Route-3,Nizamabad,Bus,182,80,126,48604,1,13,3,2183
Route-13,Karimnagar,Bus,1218,167,99,44270,4,12,1,10298
Route-8,Karimnagar,Car,1494,56,134,46562,0,15,1,8075
Route-12,Khammam,Car,1335,60,30,30488,5,11,3,3681
Route-12,Nizamabad,Car,690,94,12,3016,0,16,1,3842
Route-16,Nizamabad,Motorcycle,1902,109,131,47320,1,11,3,12448
Route-7,Khammam,Taxi,1732,132,110,14275,2,14,1,928
Route-16,Nizamabad,Bus,286,174,109,13058,1,8,2,10229
Route-9,Karimnagar,Auto,137,152,43,5855,2,9,1,4204
Route-10,Nizamabad,Taxi,739,84,149,8605,3,11,3,6992
Route-8,Khammam,Motorcycle,499,111,91,4333,2,15,1,3743
Route-15,Karimnagar,Truck,673,81,113,36710,5,9,2,2282
Route-15,Nizamabad,Motorcycle,504,141,57,7309,5,16,3,8591
Route-8,Warangal,Truck,1831,160,142,2628,2,11,2,4307
Route-18,Nizamabad,Motorcycle,1058,88,58,47533,2,16,3,13287
Route-10,Hyderabad,Taxi,910,110,14,14394,3,10,3,12964
Route-20,Khammam,Car,1426,114,92,1388,0,13,1,14710
Route-5,Warangal,Car,469,95,16,15925,3,12,1,13232
Route-13,Warangal,Truck,1154,132,110,33286,4,8,3,4098
Route-5,Hyderabad,Taxi,300,189,93,44203,0,16,3,9333
Route-2,Nizamabad,Bus,1035,25,56,20659,2,13,3,5378
Route-10,Warangal,Truck,1739,152,45,1132,2,12,2,1860
Route-15,Khammam,Bus,640,41,14,49358,0,12,1,2710
Route-5,Nizamabad,Truck,1055,171,50,25955,2,14,3,4580
Route-18,Warangal,Bus,809,94,86,23375,1,14,2,3778
Route-16,Nizamabad,Auto,1973,131,71,29973,5,14,3,6555
Route-20,Karimnagar,Auto,912,123,96,39407,5,12,1,13371
Route-16,Karimnagar,Bus,1425,159,118,27812,5,11,1,8326
Route-2,Nizamabad,Bus,706,138,27,21719,2,14,2,7556
Route-15,Nizamabad,Taxi,1261,123,76,26181,1,16,3,6369
Route-5,Karimnagar,Auto,385,51,68,42653,2,12,2,10305
Route-12,Hyderabad,Motorcycle,1439,151,133,5538,3,9,2,7211
Route-8,Hyderabad,Truck,1980,111,19,6858,5,9,2,14460
Route-9,Khammam,Truck,1203,188,150,35037,1,13,3,12735
Route-2,Warangal,Truck,465,35,86,17717,2,13,2,13539
Route-18,Nizamabad,Car,852,178,140,17557,1,16,1,11069
Route-2,Nizamabad,Taxi,1170,75,128,6840,1,11,2,10965
Route-4,Khammam,Motorcycle,150,124,81,10422,3,16,1,3039
Route-7,Warangal,Bus,634,119,81,16139,5,12,2,2070
Route-5,Karimnagar,Motorcycle,1954,167,91,10702,1,15,3,6199
Route-10,Warangal,Taxi,1858,67,123,19357,1,10,3,13148
Route-1,Khammam,Car,1227,46,40,47291,5,16,1,5214
Route-6,Nizamabad,Auto,267,159,12,28286,2,15,2,3621
Route-3,Nizamabad,Car,174,90,76,32072,1,8,2,5276
Route-5,Warangal,Truck,1825,45,14,30109,2,11,1,8777
Route-17,Nizamabad,Motorcycle,1427,114,145,24546,1,13,2,14394
Route-3,Karimnagar,Car,1779,28,96,2069,2,9,1,12313
Route-15,Hyderabad,Bus,1864,184,119,39660,0,12,3,5482
Route-7,Warangal,Motorcycle,1985,75,32,5184,2,12,3,1024
Route-18,Nizamabad,Car,54,154,125,19208,4,12,1,5746
Route-3,Karimnagar,Car,1258,162,130,14232,3,9,1,2845
Route-1,Warangal,Motorcycle,1010,113,68,26995,0,15,1,6364
Route-3,Khammam,Car,1753,198,105,40061,3,10,1,7902
Route-20,Khammam,Truck,915,148,42,48964,1,11,1,14742
Route-7,Nizamabad,Taxi,1919,135,94,19813,5,16,3,10604
Route-12,Warangal,Taxi,955,200,43,20670,0,9,3,4287
Route-1,Karimnagar,Motorcycle,1458,189,79,33168,5,9,1,2377
Route-20,Nizamabad,Taxi,1321,90,26,14543,4,10,1,518
Route-14,Hyderabad,Taxi,66,109,56,27213,3,9,2,6205
Route-7,Hyderabad,Motorcycle,309,134,108,43198,2,15,2,11597
Route-7,Nizamabad,Auto,282,154,29,4181,1,16,3,8917
Route-9,Nizamabad,Bus,1960,138,24,35520,4,13,3,8028
Route-11,Warangal,Bus,281,151,124,39955,1,13,2,12607
Route-4,Warangal,Auto,1530,139,139,5376,4,13,3,6269
Route-2,Warangal,Car,127,29,129,25704,0,15,1,13033
Route-11,Warangal,Motorcycle,391,37,39,7807,1,12,1,6605
Route-3,Karimnagar,Bus,402,24,58,36733,4,16,1,4361
Route-10,Khammam,Motorcycle,164,29,61,6706,1,10,2,4784
Route-16,Khammam,Auto,50,156,126,44846,4,11,1,1751
Route-12,Warangal,Taxi,1488,108,131,1501,0,12,2,14910
Route-7,Nizamabad,Taxi,1313,37,40,29894,2,8,1,3486
Route-7,Nizamabad,Motorcycle,1745,50,78,15363,1,16,2,7909
Route-8,Hyderabad,Truck,260,191,147,13660,0,13,2,12327
Route-14,Hyderabad,Bus,1925,97,105,30206,1,9,1,2450
Route-3,Hyderabad,Auto,1435,107,128,30975,2,10,3,2305
Route-1,Nizamabad,Auto,215,168,23,13276,5,13,2,4745
Route-18,Khammam,Taxi,219,179,22,21499,4,16,1,1776
Route-10,Khammam,Motorcycle,583,92,65,32262,1,15,3,4250
Route-1,Nizamabad,Car,1868,175,114,14262,5,12,1,9697
Route-8,Warangal,Auto,405,69,117,33769,1,10,1,13890
Route-13,Warangal,Bus,101,52,60,42155,0,14,1,9831
Route-19,Khammam,Bus,258,77,100,15914,5,9,1,6814
Route-20,Nizamabad,Auto,233,140,48,41241,0,11,1,9886
Route-10,Warangal,Taxi,64,32,10,12074,4,11,1,3154
Route-20,Hyderabad,Truck,1218,142,119,36824,1,13,2,13430
Route-18,Karimnagar,Auto,669,38,111,22629,4,15,1,9172
Route-7,Karimnagar,Car,533,184,62,31752,0,14,1,6722
Route-11,Warangal,Car,1477,21,76,5369,1,16,1,3871
Route-2,Nizamabad,Motorcycle,1359,119,27,12543,4,8,1,7291
Route-16,Hyderabad,Auto,444,130,15,46707,1,10,3,6998
Route-12,Nizamabad,Motorcycle,1131,48,110,28113,2,13,3,14262
Route-4,Warangal,Motorcycle,556,148,122,32095,0,13,2,14722
Route-6,Karimnagar,Taxi,477,108,29,11103,3,12,2,1515
Route-20,Karimnagar,Car,1948,44,53,37086,1,10,1,9596
Route-1,Warangal,Taxi,1409,35,126,6247,3,9,2,5679
Route-13,Hyderabad,Auto,1967,88,37,12182,4,10,1,3610
Route-19,Hyderabad,Taxi,1775,40,114,8160,5,12,1,741
Route-1,Warangal,Taxi,84,105,44,23811,0,14,3,6929
Route-12,Nizamabad,Bus,1805,187,139,49110,1,14,1,3879
Route-8,Warangal,Truck,1913,160,20,19571,3,16,2,14491
Route-11,Nizamabad,Bus,724,39,149,45578,2,10,3,12269
Route-9,Warangal,Taxi,1456,144,138,7155,0,16,1,11459
Route-2,Khammam,Motorcycle,1192,162,129,11696,1,13,3,9080
Route-8,Nizamabad,Taxi,207,138,63,24517,3,8,1,3311
Route-12,Warangal,Truck,1939,71,141,11012,1,10,3,7280
Route-15,Hyderabad,Truck,1402,91,102,10839,5,8,2,14020
Route-1,Khammam,Bus,435,130,37,38235,0,11,2,11096
Route-15,Karimnagar,Motorcycle,1690,105,36,18243,2,12,1,11483
Route-20,Warangal,Truck,541,82,91,23799,3,8,3,971
Route-13,Nizamabad,Auto,1766,57,134,15463,2,10,2,5501
Route-17,Hyderabad,Auto,1530,71,106,18284,2,9,1,14256
Route-19,Warangal,Taxi,1477,85,92,28280,0,16,2,11637
Route-15,Warangal,Auto,529,122,121,38870,5,15,2,11973
Route-8,Hyderabad,Car,119,141,96,22205,3,15,2,12563
Route-1,Khammam,Motorcycle,399,31,103,19839,2,15,1,3130
Route-18,Nizamabad,Truck,942,75,110,9178,3,12,1,13216
Route-9,Khammam,Truck,1850,113,129,20965,2,11,3,7520
Route-6,Hyderabad,Truck,1839,186,44,1468,5,10,2,2547
Route-6,Karimnagar,Auto,1826,90,62,26120,3,11,3,8677
Route-15,Khammam,Taxi,336,113,105,25579,4,12,3,14380
Route-12,Hyderabad,Auto,869,64,121,38466,5,10,3,10227
Route-6,Karimnagar,Truck,1713,88,22,31501,3,10,1,4452
Route-12,Hyderabad,Auto,631,73,12,48089,5,16,1,5964
Route-13,Warangal,Taxi,892,20,81,8019,0,10,2,7537
Route-3,Hyderabad,Taxi,731,111,65,43082,5,14,3,1536
Route-14,Khammam,Motorcycle,820,32,45,21384,1,11,2,5212
Route-16,Nizamabad,Car,1997,140,136,49110,1,12,3,14866
Route-4,Warangal,Motorcycle,1575,29,69,14492,2,8,1,849
Route-5,Karimnagar,Car,1155,162,104,23009,1,12,2,14251
Route-5,Karimnagar,Motorcycle,516,151,123,49014,4,10,1,14660
Route-4,Hyderabad,Bus,165,47,129,3110,5,13,3,12692
Route-11,Nizamabad,Taxi,302,36,36,22362,0,15,2,10167
Route-3,Karimnagar,Bus,250,181,26,47780,1,14,3,1611
Route-9,Hyderabad,Bus,1157,48,97,3257,0,13,3,4996
Route-2,Warangal,Auto,149,29,31,12456,3,12,3,13825
Route-9,Nizamabad,Car,154,79,71,36063,0,12,2,10797
Route-3,Khammam,Taxi,206,159,140,3292,0,16,1,11151
Route-14,Warangal,Motorcycle,867,57,121,29455,3,12,2,10194
Route-17,Hyderabad,Auto,534,170,135,28149,3,8,1,10840
Route-12,Khammam,Car,530,197,133,16838,3,15,3,10840
Route-12,Warangal,Bus,217,106,116,43915,5,10,3,14404
Route-19,Nizamabad,Auto,986,141,85,6697,0,11,3,9071
Route-13,Nizamabad,Car,1532,143,138,28235,3,12,1,1130
Route-12,Khammam,Bus,1575,195,142,36770,3,12,3,7731
Route-8,Khammam,Taxi,1127,110,39,1529,3,14,2,8103
Route-20,Warangal,Auto,1323,174,14,29521,2,15,1,3685
Route-7,Khammam,Bus,1687,82,105,22704,0,12,3,5335
Route-1,Karimnagar,Car,1714,35,61,36488,4,15,1,791
Route-18,Hyderabad,Motorcycle,1685,131,120,9082,5,16,3,7354
Route-1,Karimnagar,Auto,677,50,41,6419,5,12,3,5369
Route-17,Khammam,Bus,1167,94,131,41340,5,11,3,8755
Route-7,Warangal,Truck,462,145,18,27813,2,10,1,13296
Route-17,Nizamabad,Motorcycle,1699,123,35,8479,0,11,1,8414
Route-10,Karimnagar,Bus,59,173,90,10616,2,9,2,8079
Route-4,Khammam,Auto,1167,146,129,42133,3,15,2,11373
Route-10,Karimnagar,Motorcycle,1815,37,64,17232,4,16,2,8963
Route-8,Karimnagar,Car,1181,80,25,29081,0,9,2,1916
Route-6,Warangal,Auto,1901,150,103,34317,4,11,2,7829
Route-7,Warangal,Motorcycle,296,175,31,45180,1,11,2,7316
Route-8,Khammam,Car,703,172,77,11922,2,12,2,4359
Route-20,Warangal,Truck,1315,79,150,18113,4,12,3,11777
Route-20,Karimnagar,Truck,107,67,97,45393,1,11,2,6242
Route-20,Khammam,Truck,554,193,93,28297,4,8,1,5178
Route-12,Warangal,Taxi,994,82,134,45752,0,16,3,2740
Route-6,Khammam,Auto,1580,119,135,43263,0,12,2,7467
Route-19,Karimnagar,Bus,1458,73,123,3927,1,14,2,11503
Route-9,Warangal,Taxi,1782,135,138,12819,4,15,1,2522
Route-13,Nizamabad,Taxi,76,52,109,28937,3,12,1,8101
Route-1,Khammam,Auto,1577,136,150,33513,1,8,3,6466
Route-2,Khammam,Truck,389,181,48,42116,2,10,3,7821
Route-2,Hyderabad,Auto,1913,67,132,27566,3,16,1,4905
Route-7,Hyderabad,Truck,410,58,47,31912,1,10,3,1518
Route-11,Khammam,Truck,1913,87,96,17331,3,13,3,2605
Route-17,Karimnagar,Truck,1856,188,67,12521,4,8,3,4065
Route-11,Hyderabad,Bus,1434,176,143,1788,5,11,1,13968
Route-20,Warangal,Car,675,149,125,7095,0,8,3,9842
Route-17,Hyderabad,Motorcycle,142,22,33,46363,5,8,2,7962
Route-9,Nizamabad,Auto,146,191,26,22535,0,11,2,10302
Route-16,Karimnagar,Bus,333,123,27,49724,1,9,2,1152
Route-11,Nizamabad,Bus,260,179,126,45711,4,8,1,3039
Route-5,Hyderabad,Car,1617,185,57,41030,2,14,1,8606
Route-2,Warangal,Car,1039,167,18,19783,0,14,3,6548
Route-14,Warangal,Truck,1484,112,130,44706,3,10,2,9834
Route-19,Nizamabad,Truck,264,39,77,28139,2,8,1,12866
Route-16,Karimnagar,Truck,1086,95,100,39395,0,8,3,2904
Route-9,Nizamabad,Motorcycle,1691,47,95,32661,1,11,2,11563
Route-9,Warangal,Car,1308,96,70,22943,5,12,2,3285
Route-19,Khammam,Bus,1488,115,137,4747,4,13,1,4317
Route-17,Nizamabad,Auto,1105,179,43,36615,3,11,1,8056
Route-18,Karimnagar,Bus,1806,115,27,10406,5,12,1,8243
Route-14,Warangal,Truck,1901,124,26,37406,2,9,3,3845
Route-9,Warangal,Taxi,980,80,73,40528,2,13,2,8201
Route-2,Nizamabad,Auto,947,150,108,33189,4,13,2,1134
Route-10,Nizamabad,Motorcycle,501,142,137,24193,3,12,3,6385
Route-17,Karimnagar,Truck,1950,134,131,10582,5,13,3,14961
Route-4,Nizamabad,Motorcycle,527,181,50,34083,5,8,3,12432
Route-2,Khammam,Car,913,48,115,1774,0,12,1,14637
Route-7,Khammam,Truck,1316,76,46,4975,0,9,1,5068
Route-8,Warangal,Motorcycle,1798,136,149,38012,2,12,3,9801
Route-10,Khammam,Taxi,1715,68,36,16874,5,15,1,14417
Route-9,Khammam,Auto,97,198,132,24143,0,16,1,2733
Route-6,Khammam,Truck,1643,59,11,15287,4,12,3,7225
Route-4,Warangal,Taxi,323,112,93,34342,1,8,2,12366
Route-3,Karimnagar,Bus,1088,38,60,5548,2,11,2,5117
Route-5,Hyderabad,Truck,1728,74,74,11347,5,16,3,14018
Route-15,Warangal,Motorcycle,1585,132,85,23106,3,12,3,7952
Route-5,Khammam,Bus,640,67,71,45993,0,15,3,13424
Route-12,Khammam,Taxi,1708,195,148,40952,5,16,2,9266
Route-11,Warangal,Truck,713,106,113,1988,3,11,2,10023
Route-3,Nizamabad,Auto,1746,173,133,33644,0,8,3,9710
Route-16,Khammam,Taxi,1943,109,61,20407,0,12,1,3739
Route-3,Khammam,Bus,187,182,38,31979,1,11,3,6400
Route-10,Nizamabad,Motorcycle,432,192,98,10248,3,13,3,7412
Route-6,Hyderabad,Taxi,110,23,11,33646,3,8,3,2248
Route-2,Warangal,Auto,168,79,144,39192,5,12,1,7654
Route-3,Karimnagar,Auto,722,154,43,18735,2,15,2,5295
Route-7,Nizamabad,Truck,902,117,78,1785,2,16,1,8354
Route-8,Karimnagar,Taxi,1090,191,123,38656,0,16,1,12148
Route-17,Khammam,Motorcycle,86,132,29,47583,5,11,1,6241
Route-18,Karimnagar,Motorcycle,831,60,71,3504,1,12,3,10192
Route-2,Hyderabad,Car,615,38,36,16493,4,12,2,10307
Route-7,Khammam,Taxi,717,87,84,43481,3,13,1,9779
Route-2,Khammam,Bus,149,157,50,1540,3,16,3,13573
Route-14,Warangal,Motorcycle,916,147,12,3492,4,13,3,4693
Route-6,Warangal,Car,276,164,60,37353,1,15,3,7073
Route-12,Warangal,Taxi,1330,158,36,21420,1,12,1,5408
Route-6,Warangal,Motorcycle,1161,93,76,3653,3,13,2,9596
Route-12,Hyderabad,Taxi,83,113,74,6143,0,12,2,13662
Route-3,Warangal,Truck,1917,162,130,19499,3,14,1,12240
Route-14,Karimnagar,Car,1196,81,57,18867,4,8,3,12143
Route-8,Hyderabad,Bus,1063,30,37,35023,3,16,3,5265
Route-13,Hyderabad,Motorcycle,697,121,123,32656,0,8,3,10849
Route-1,Warangal,Motorcycle,376,20,17,41366,2,13,2,7875
Route-12,Warangal,Bus,927,36,42,48321,5,15,1,11279
Route-15,Warangal,Truck,157,25,79,39805,0,16,2,14764
Route-7,Hyderabad,Truck,1389,37,29,36153,2,14,1,14822
Route-16,Nizamabad,Car,224,148,42,14286,5,15,3,1428
Route-18,Nizamabad,Motorcycle,1929,129,68,28220,0,15,3,1702
Route-3,Hyderabad,Auto,328,108,125,16095,4,10,1,14459
Route-10,Nizamabad,Bus,1357,76,104,22352,2,16,2,9485
Route-15,Nizamabad,Bus,1327,83,103,40131,4,10,2,12783
Route-8,Karimnagar,Motorcycle,1868,84,88,22394,3,11,3,11600
Route-13,Khammam,Truck,1936,97,23,17976,5,13,2,9271
Route-14,Karimnagar,Taxi,340,72,132,22538,3,16,2,9994
Route-15,Khammam,Bus,904,157,18,24814,5,8,1,2897
Route-13,Khammam,Truck,1201,146,129,16389,1,13,2,10637
Route-4,Hyderabad,Truck,94,53,102,26334,2,14,1,2545
Route-5,Khammam,Car,1954,81,18,7816,0,8,3,14525
Route-10,Hyderabad,Bus,489,49,42,37034,4,10,3,6453
Route-1,Khammam,Auto,748,137,22,3384,1,11,3,5029
Route-8,Hyderabad,Truck,1788,193,105,20214,4,8,2,10420
Route-6,Nizamabad,Car,1189,150,35,39404,4,9,2,2096
Route-19,Warangal,Bus,449,41,118,40583,2,8,2,12718
Route-3,Khammam,Taxi,901,43,25,1770,5,12,1,12715
Route-13,Warangal,Car,732,125,122,46755,5,9,3,11504
Route-20,Karimnagar,Truck,1665,113,40,44405,0,12,2,13555
Route-12,Warangal,Car,100,127,90,10677,2,15,3,5410
Route-8,Warangal,Taxi,1705,96,148,24991,3,11,3,11367
Route-16,Karimnagar,Bus,846,58,117,38813,5,8,3,13357
Route-3,Hyderabad,Car,1784,175,75,35427,4,12,3,1933
Route-19,Hyderabad,Taxi,1583,33,37,24414,4,11,3,5458
Route-17,Hyderabad,Taxi,1599,81,44,34430,3,11,3,3253
Route-11,Khammam,Bus,1034,61,46,34087,0,13,1,3906
Route-14,Warangal,Taxi,120,98,94,32274,4,15,2,4220
Route-18,Hyderabad,Car,335,196,87,47174,0,11,1,8357
Route-14,Hyderabad,Auto,678,143,37,26389,4,10,1,10546
Route-5,Warangal,Truck,1169,44,102,23661,3,14,1,3080
Route-12,Warangal,Truck,441,152,79,27829,2,11,1,4137
Route-17,Warangal,Truck,1368,178,78,9527,1,11,2,5086
Route-9,Nizamabad,Taxi,899,62,105,18028,5,12,3,12807
Route-1,Nizamabad,Motorcycle,1782,30,81,2316,3,13,1,3581
Route-15,Nizamabad,Car,1021,56,57,12456,5,13,2,9477
Route-7,Karimnagar,Taxi,434,45,96,19068,3,10,2,3028
Route-16,Karimnagar,Car,535,119,19,40069,3,14,2,5363
Route-15,Nizamabad,Auto,57,173,26,6638,3,8,2,7546
Route-3,Khammam,Auto,591,134,47,32830,1,15,2,2390
Route-16,Khammam,Motorcycle,1864,160,145,31079,5,14,2,9106
Route-17,Warangal,Motorcycle,783,166,123,4898,2,13,2,4962
Route-19,Warangal,Taxi,1142,191,43,5251,1,8,3,2776
Route-11,Warangal,Car,1476,81,108,37193,4,8,3,11550
Route-18,Warangal,Car,1464,159,51,25166,0,8,3,631
Route-8,Hyderabad,Bus,668,23,96,27183,0,13,3,13179
Route-13,Karimnagar,Car,820,185,13,33701,3,9,1,8297
Route-14,Hyderabad,Bus,709,47,81,48860,2,13,3,674
Route-1,Warangal,Car,1325,33,104,32480,3,15,3,14053
Route-7,Hyderabad,Taxi,1743,65,68,44013,3,10,3,516
Route-18,Hyderabad,Taxi,787,151,22,25275,5,10,2,11445
Route-20,Nizamabad,Taxi,262,98,53,8922,4,13,1,5996
Route-6,Hyderabad,Car,968,67,91,36232,4,11,1,9482
Route-19,Khammam,Taxi,759,174,46,39238,0,8,2,11899
Route-4,Hyderabad,Auto,1699,40,47,27642,2,13,2,11233
Route-15,Warangal,Taxi,54,23,59,36702,0,15,3,13884
Route-2,Khammam,Car,1881,147,128,16456,0,11,2,1988
Route-3,Khammam,Motorcycle,968,36,142,48510,3,10,3,3573
Route-12,Hyderabad,Motorcycle,160,146,79,47387,5,12,2,12301
Route-6,Warangal,Car,1447,200,145,28736,0,16,2,6905
Route-3,Warangal,Auto,967,54,137,22225,5,12,3,8298
Route-6,Nizamabad,Auto,207,97,43,42107,0,15,1,7590
Route-13,Hyderabad,Motorcycle,1223,94,53,7215,0,10,1,9591
Route-5,Karimnagar,Car,1870,62,90,10310,3,12,3,9513
Route-10,Nizamabad,Auto,1772,144,112,41863,0,13,2,1133
Route-20,Khammam,Truck,1141,68,38,32771,0,12,2,13620
Route-16,Hyderabad,Motorcycle,1832,186,130,29798,4,11,3,9917
Route-8,Khammam,Bus,802,180,20,15125,5,11,1,1425
Route-3,Karimnagar,Truck,1192,197,11,8971,4,16,1,12682
Route-1,Nizamabad,Taxi,733,200,49,11679,0,10,3,3357
Route-20,Karimnagar,Bus,1039,127,76,46020,2,9,1,6299
Route-14,Khammam,Auto,1904,181,78,27386,2,12,3,13696
Route-18,Warangal,Truck,518,197,146,38894,2,13,3,13120
Route-3,Karimnagar,Auto,548,119,111,40877,5,15,2,2946
Route-14,Nizamabad,Bus,740,142,36,39985,5,12,2,11297
Route-2,Hyderabad,Bus,1923,155,146,10842,0,11,2,7726
Route-5,Karimnagar,Motorcycle,104,191,57,7585,4,8,2,9105
Route-18,Khammam,Auto,804,123,76,3789,5,12,1,12010
Route-15,Nizamabad,Truck,1420,151,11,40081,1,16,3,4138
Route-5,Khammam,Car,1077,71,25,24641,2,9,1,8272
Route-2,Hyderabad,Truck,1991,111,42,11306,3,8,2,11947
Route-11,Nizamabad,Motorcycle,291,169,46,33169,4,15,1,3425
Route-14,Hyderabad,Motorcycle,962,132,46,27501,5,10,3,1963
Route-5,Karimnagar,Taxi,699,105,85,11172,3,10,2,5888
Route-10,Khammam,Bus,835,200,108,27047,2,16,1,9833
Route-18,Hyderabad,Taxi,1999,136,63,44548,5,9,2,14490
Route-10,Nizamabad,Motorcycle,1448,117,58,6977,5,11,1,11345
Route-2,Karimnagar,Car,1222,50,120,34625,0,13,1,10048
Route-16,Hyderabad,Taxi,1321,194,55,38578,0,10,3,14122
Route-10,Warangal,Truck,1000,121,84,31310,4,13,3,7800
Route-7,Khammam,Motorcycle,597,156,60,15661,1,13,2,2460
Route-14,Khammam,Motorcycle,1787,181,17,26971,3,12,1,3927
Route-15,Warangal,Car,1654,118,12,6335,1,8,3,3692
Route-6,Warangal,Motorcycle,1113,28,73,35348,4,11,1,14652
Route-11,Hyderabad,Truck,68,155,57,16193,0,10,3,1755
Route-6,Khammam,Motorcycle,1613,171,59,21845,5,10,1,12721
Route-13,Hyderabad,Taxi,1506,159,119,17041,1,11,1,14709
Route-18,Hyderabad,Car,530,36,81,14510,2,13,2,6633
Route-19,Karimnagar,Car,1656,118,48,4942,5,9,3,1831
Route-18,Khammam,Taxi,1247,108,91,33544,0,9,2,10159
Route-12,Warangal,Taxi,927,120,129,33218,1,12,1,10447
Route-7,Nizamabad,Car,1509,197,43,41109,1,12,3,7414
Route-2,Hyderabad,Auto,440,159,116,31768,1,12,3,6879
Route-5,Khammam,Motorcycle,683,158,107,28947,3,9,2,13270
Route-16,Nizamabad,Car,535,147,62,1718,4,11,1,5542
Route-2,Khammam,Bus,51,60,74,22116,5,9,1,7258
Route-9,Khammam,Bus,698,187,65,36408,5,9,3,9950
Route-1,Karimnagar,Truck,1920,146,16,13004,3,10,1,7754
Route-18,Hyderabad,Motorcycle,953,113,51,33206,3,9,1,5671
Route-20,Nizamabad,Motorcycle,1316,65,53,28271,0,9,3,13733
Route-15,Khammam,Taxi,920,116,61,14922,5,9,2,692
Route-3,Hyderabad,Car,208,92,102,29424,0,9,2,5301
Route-5,Hyderabad,Motorcycle,335,42,83,39285,0,15,2,8478
Route-8,Hyderabad,Bus,403,92,95,2584,5,11,2,5141
Route-14,Warangal,Taxi,190,147,53,15481,0,10,1,13848
Route-3,Karimnagar,Car,1679,185,15,39275,1,12,1,3139
Route-8,Nizamabad,Truck,1569,185,73,23499,1,8,1,11211
Route-7,Nizamabad,Truck,1601,163,45,46736,0,13,3,12180
Route-9,Hyderabad,Auto,769,130,51,24245,3,9,3,564
Route-16,Khammam,Auto,1959,179,13,46212,5,14,1,10731
Route-7,Warangal,Auto,1241,128,116,33384,3,9,2,1357
Route-1,Karimnagar,Truck,1857,88,122,40215,2,15,2,2220
Route-14,Nizamabad,Auto,1920,84,131,4344,0,14,2,7562
Route-3,Karimnagar,Car,782,81,85,14600,3,14,1,4846
Route-2,Nizamabad,Taxi,1381,182,117,40079,4,9,3,4679
Route-7,Khammam,Bus,1464,137,47,4099,4,13,2,14167
Route-7,Warangal,Motorcycle,1741,161,23,6290,2,10,1,2947
Route-4,Khammam,Car,1709,111,91,7497,5,16,1,4192
Route-9,Hyderabad,Bus,1318,100,100,15431,1,9,1,749
Route-15,Warangal,Car,1327,41,114,20754,4,8,2,11530
Route-14,Warangal,Truck,1910,58,103,48415,1,12,3,5872
Route-15,Khammam,Car,1305,36,102,31157,3,15,2,9146
Route-7,Karimnagar,Motorcycle,370,132,28,22422,3,10,1,7226
Route-6,Hyderabad,Motorcycle,646,50,70,48568,0,8,1,12100
Route-3,Warangal,Bus,1369,180,64,43161,2,15,2,5461
Route-10,Karimnagar,Auto,1524,197,41,21689,5,10,2,10133
Route-17,Warangal,Car,1107,22,87,5249,2,9,1,6589
Route-9,Warangal,Auto,472,69,106,43811,1,12,2,8343
Route-6,Nizamabad,Taxi,667,34,119,41092,0,10,2,3419
Route-12,Karimnagar,Truck,88,196,138,17036,2,11,3,14287
Route-17,Hyderabad,Bus,491,152,100,13426,2,12,1,14871
Route-5,Khammam,Taxi,449,181,148,33651,0,9,3,4923
Route-4,Karimnagar,Bus,135,52,134,45772,0,12,1,11346
Route-19,Khammam,Car,920,133,36,32098,1,9,3,12141
Route-20,Khammam,Car,1535,20,120,13794,5,11,3,8123
Route-20,Karimnagar,Truck,217,141,16,30661,5,16,1,5947
Route-4,Hyderabad,Taxi,188,186,108,6962,4,14,1,8938
Route-16,Karimnagar,Truck,1593,157,45,33822,2,10,1,9402
Route-8,Warangal,Bus,892,31,115,21962,3,10,3,11994
Route-1,Warangal,Bus,135,181,143,13025,5,8,1,2983
Route-2,Nizamabad,Truck,697,195,16,47239,4,15,2,12920
Route-19,Hyderabad,Truck,1687,166,91,12367,2,15,3,6692
Route-5,Karimnagar,Bus,795,129,11,9386,4,12,2,9608
Route-6,Karimnagar,Taxi,333,23,18,38021,0,12,2,12434
Route-13,Khammam,Motorcycle,1042,136,16,22286,0,15,2,7116
Route-10,Khammam,Bus,710,95,147,28546,1,12,2,14070
Route-9,Khammam,Bus,1763,186,15,47217,3,13,3,3783
Route-20,Khammam,Bus,1691,24,19,27207,5,15,1,3093
Route-16,Hyderabad,Car,1632,149,31,6127,3,13,1,2817
Route-16,Khammam,Car,1554,62,48,39575,4,13,2,13840
Route-14,Khammam,Auto,221,39,35,26889,2,10,2,2048
Route-17,Hyderabad,Taxi,1179,57,72,36315,4,11,3,5752
Route-12,Warangal,Auto,740,66,74,6569,2,10,3,4126
Route-10,Warangal,Taxi,1780,132,48,22948,4,12,2,4002
Route-9,Nizamabad,Car,1012,31,52,43902,4,8,1,9027
Route-15,Warangal,Motorcycle,220,36,66,24362,5,13,2,1061
Route-8,Khammam,Truck,1090,111,93,24094,3,8,1,10421
Route-3,Khammam,Bus,1815,166,63,42485,4,10,1,11387
Route-9,Karimnagar,Truck,1039,43,109,9005,4,13,3,11639
Route-2,Karimnagar,Car,1957,138,78,2459,3,13,1,7694
Route-18,Warangal,Motorcycle,276,140,45,7697,4,10,3,9993
Route-3,Karimnagar,Auto,1878,67,25,39282,0,16,1,5108
Route-10,Hyderabad,Motorcycle,1382,51,129,22877,0,14,2,6605
Route-16,Nizamabad,Auto,616,70,82,13181,4,15,1,11865
Route-17,Khammam,Car,1632,158,141,43084,4,8,1,7251
Route-7,Warangal,Auto,292,118,116,38849,0,9,3,782
Route-16,Warangal,Taxi,1575,150,122,24887,2,9,3,6720
Route-19,Hyderabad,Bus,308,37,66,42211,1,8,1,3654
Route-12,Warangal,Bus,705,48,46,19024,0,12,3,6160
Route-10,Hyderabad,Truck,1542,39,56,41951,3,9,3,631
Route-12,Nizamabad,Car,236,154,78,16385,4,14,1,2420
Route-16,Warangal,Truck,1288,147,143,23507,2,8,2,2935
Route-18,Karimnagar,Taxi,875,20,128,30966,1,13,2,4646
Route-10,Hyderabad,Bus,1402,190,42,34656,3,10,1,12438
Route-19,Nizamabad,Taxi,242,163,134,2962,5,14,2,11495
Route-14,Karimnagar,Auto,1480,160,120,24561,2,15,3,5020
Route-6,Khammam,Auto,686,94,76,25081,2,11,2,11468
Route-9,Hyderabad,Truck,1340,121,84,19587,3,12,1,4873
Route-12,Warangal,Car,595,142,107,28537,5,9,3,11994
Route-13,Karimnagar,Auto,1692,172,12,1199,5,8,1,669
Route-16,Nizamabad,Auto,707,186,144,4068,5,16,1,12287
Route-3,Khammam,Taxi,217,190,79,32093,0,11,2,3996
Route-20,Warangal,Auto,300,144,10,49642,2,10,1,5715
Route-9,Nizamabad,Auto,1829,155,29,14857,4,9,2,7806
Route-2,Warangal,Auto,283,130,15,9323,1,12,2,5977
Route-20,Hyderabad,Auto,690,109,44,4894,2,8,2,9698
Route-1,Warangal,Motorcycle,1745,99,59,11485,2,10,2,11657
Route-9,Warangal,Bus,1974,112,76,19746,5,9,1,7137
Route-1,Hyderabad,Car,1226,171,38,3837,1,12,2,8683
Route-5,Karimnagar,Auto,120,24,22,12146,3,14,3,12223
Route-12,Nizamabad,Bus,836,131,143,23317,0,16,3,6835
Route-8,Nizamabad,Bus,1934,194,138,29596,4,15,3,8628
Route-14,Hyderabad,Truck,1719,124,103,12588,1,11,2,7396
Route-15,Nizamabad,Motorcycle,1495,21,97,30041,1,9,2,14578
Route-19,Hyderabad,Bus,1650,119,137,16268,0,15,3,4730
Route-9,Karimnagar,Auto,1712,131,108,28275,5,14,3,3824
Route-8,Hyderabad,Auto,383,161,89,16254,5,15,1,13099
Route-11,Warangal,Car,915,43,107,28488,4,11,1,14676
Route-12,Warangal,Truck,80,35,40,5279,4,11,1,11430
Route-18,Nizamabad,Motorcycle,1515,155,83,44886,0,12,1,5125
Route-11,Karimnagar,Truck,1267,109,20,38557,5,9,2,6367
Route-20,Hyderabad,Motorcycle,1332,148,136,15942,0,10,2,8706
Route-12,Warangal,Car,1553,54,86,45658,4,13,1,11324
Route-4,Warangal,Taxi,1201,163,13,48924,0,10,2,1796
Route-20,Karimnagar,Auto,1428,55,95,27197,4,11,2,12156
